50,https://media-4.api-sports.io/football/teams/50.png
42,https://media-4.api-sports.io/football/teams/42.png
33,https://media-4.api-sports.io/football/teams/33.png
34,https://media-4.api-sports.io/football/teams/34.png
40,https://media-4.api-sports.io/football/teams/40.png
51,https://media-4.api-sports.io/football/teams/51.png
66,https://media-4.api-sports.io/football/teams/66.png
47,https://media-4.api-sports.io/football/teams/47.png
55,https://media-4.api-sports.io/football/teams/55.png
36,https://media-4.api-sports.io/football/teams/36.png
52,https://media-4.api-sports.io/football/teams/52.png
49,https://media-4.api-sports.io/football/teams/49.png
39,https://media-4.api-sports.io/football/teams/39.png
48,https://media-4.api-sports.io/football/teams/48.png
35,https://media-4.api-sports.io/football/teams/35.png
65,https://media-4.api-sports.io/football/teams/65.png
45,https://media-4.api-sports.io/football/teams/45.png
46,https://media-4.api-sports.io/football/teams/46.png
63,https://media-4.api-sports.io/football/teams/63.png
41,https://media-4.api-sports.io/football/teams/41.png
529,https://media-4.api-sports.io/football/teams/529.png
541,https://media-4.api-sports.io/football/teams/541.png
530,https://media-4.api-sports.io/football/teams/530.png
548,https://media-4.api-sports.io/football/teams/548.png
533,https://media-4.api-sports.io/football/teams/533.png
543,https://media-4.api-sports.io/football/teams/543.png
727,https://media-4.api-sports.io/football/teams/727.png
531,https://media-4.api-sports.io/football/teams/531.png
798,https://media-4.api-sports.io/football/teams/798.png
547,https://media-4.api-sports.io/football/teams/547.png
728,https://media-4.api-sports.io/football/teams/728.png
536,https://media-4.api-sports.io/football/teams/536.png
538,https://media-4.api-sports.io/football/teams/538.png
724,https://media-4.api-sports.io/football/teams/724.png
546,https://media-4.api-sports.io/football/teams/546.png
532,https://media-4.api-sports.io/football/teams/532.png
723,https://media-4.api-sports.io/football/teams/723.png
720,https://media-4.api-sports.io/football/teams/720.png
540,https://media-4.api-sports.io/football/teams/540.png
797,https://media-4.api-sports.io/football/teams/797.png
157,https://media-4.api-sports.io/football/teams/157.png
165,https://media-4.api-sports.io/football/teams/165.png
173,https://media-4.api-sports.io/football/teams/173.png
182,https://media-4.api-sports.io/football/teams/182.png
160,https://media-4.api-sports.io/football/teams/160.png
168,https://media-4.api-sports.io/football/teams/168.png
169,https://media-4.api-sports.io/football/teams/169.png
161,https://media-4.api-sports.io/football/teams/161.png
164,https://media-4.api-sports.io/football/teams/164.png
163,https://media-4.api-sports.io/football/teams/163.png
192,https://media-4.api-sports.io/football/teams/192.png
167,https://media-4.api-sports.io/football/teams/167.png
162,https://media-4.api-sports.io/football/teams/162.png
176,https://media-4.api-sports.io/football/teams/176.png
170,https://media-4.api-sports.io/football/teams/170.png
172,https://media-4.api-sports.io/football/teams/172.png
174,https://media-4.api-sports.io/football/teams/174.png
159,https://media-4.api-sports.io/football/teams/159.png
209,https://media-4.api-sports.io/football/teams/209.png
197,https://media-4.api-sports.io/football/teams/197.png
194,https://media-4.api-sports.io/football/teams/194.png
201,https://media-4.api-sports.io/football/teams/201.png
415,https://media-4.api-sports.io/football/teams/415.png
426,https://media-4.api-sports.io/football/teams/426.png
207,https://media-4.api-sports.io/football/teams/207.png
210,https://media-4.api-sports.io/football/teams/210.png
417,https://media-4.api-sports.io/football/teams/417.png
200,https://media-4.api-sports.io/football/teams/200.png
410,https://media-4.api-sports.io/football/teams/410.png
413,https://media-4.api-sports.io/football/teams/413.png
205,https://media-4.api-sports.io/football/teams/205.png
416,https://media-4.api-sports.io/football/teams/416.png
196,https://media-4.api-sports.io/football/teams/196.png
208,https://media-4.api-sports.io/football/teams/208.png
420,https://media-4.api-sports.io/football/teams/420.png
202,https://media-4.api-sports.io/football/teams/202.png
492,https://media-4.api-sports.io/football/teams/492.png
487,https://media-4.api-sports.io/football/teams/487.png
505,https://media-4.api-sports.io/football/teams/505.png
489,https://media-4.api-sports.io/football/teams/489.png
499,https://media-4.api-sports.io/football/teams/499.png
497,https://media-4.api-sports.io/football/teams/497.png
496,https://media-4.api-sports.io/football/teams/496.png
502,https://media-4.api-sports.io/football/teams/502.png
500,https://media-4.api-sports.io/football/teams/500.png
503,https://media-4.api-sports.io/football/teams/503.png
1579,https://media-4.api-sports.io/football/teams/1579.png
494,https://media-4.api-sports.io/football/teams/494.png
488,https://media-4.api-sports.io/football/teams/488.png
511,https://media-4.api-sports.io/football/teams/511.png
514,https://media-4.api-sports.io/football/teams/514.png
867,https://media-4.api-sports.io/football/teams/867.png
515,https://media-4.api-sports.io/football/teams/515.png
504,https://media-4.api-sports.io/football/teams/504.png
520,https://media-4.api-sports.io/football/teams/520.png
498,https://media-4.api-sports.io/football/teams/498.png
85,https://media-4.api-sports.io/football/teams/85.png
116,https://media-4.api-sports.io/football/teams/116.png
81,https://media-4.api-sports.io/football/teams/81.png
94,https://media-4.api-sports.io/football/teams/94.png
79,https://media-4.api-sports.io/football/teams/79.png
91,https://media-4.api-sports.io/football/teams/91.png
80,https://media-4.api-sports.io/football/teams/80.png
99,https://media-4.api-sports.io/football/teams/99.png
84,https://media-4.api-sports.io/football/teams/84.png
97,https://media-4.api-sports.io/football/teams/97.png
93,https://media-4.api-sports.io/football/teams/93.png
82,https://media-4.api-sports.io/football/teams/82.png
96,https://media-4.api-sports.io/football/teams/96.png
106,https://media-4.api-sports.io/football/teams/106.png
95,https://media-4.api-sports.io/football/teams/95.png
83,https://media-4.api-sports.io/football/teams/83.png
108,https://media-4.api-sports.io/football/teams/108.png
98,https://media-4.api-sports.io/football/teams/98.png
110,https://media-4.api-sports.io/football/teams/110.png
77,https://media-4.api-sports.io/football/teams/77.png
211,https://media-4.api-sports.io/football/teams/211.png
212,https://media-4.api-sports.io/football/teams/212.png
217,https://media-4.api-sports.io/football/teams/217.png
228,https://media-4.api-sports.io/football/teams/228.png
240,https://media-4.api-sports.io/football/teams/240.png
224,https://media-4.api-sports.io/football/teams/224.png
223,https://media-4.api-sports.io/football/teams/223.png
242,https://media-4.api-sports.io/football/teams/242.png
222,https://media-4.api-sports.io/football/teams/222.png
4716,https://media-4.api-sports.io/football/teams/4716.png
810,https://media-4.api-sports.io/football/teams/810.png
226,https://media-4.api-sports.io/football/teams/226.png
762,https://media-4.api-sports.io/football/teams/762.png
230,https://media-4.api-sports.io/football/teams/230.png
216,https://media-4.api-sports.io/football/teams/216.png
214,https://media-4.api-sports.io/football/teams/214.png
234,https://media-4.api-sports.io/football/teams/234.png
227,https://media-4.api-sports.io/football/teams/227.png
1599,https://media-4.api-sports.io/football/teams/1599.png
1614,https://media-4.api-sports.io/football/teams/1614.png
1604,https://media-4.api-sports.io/football/teams/1604.png
1602,https://media-4.api-sports.io/football/teams/1602.png
2242,https://media-4.api-sports.io/football/teams/2242.png
9568,https://media-4.api-sports.io/football/teams/9568.png
1598,https://media-4.api-sports.io/football/teams/1598.png
1613,https://media-4.api-sports.io/football/teams/1613.png
18310,https://media-4.api-sports.io/football/teams/18310.png
1609,https://media-4.api-sports.io/football/teams/1609.png
1608,https://media-4.api-sports.io/football/teams/1608.png
1607,https://media-4.api-sports.io/football/teams/1607.png
1601,https://media-4.api-sports.io/football/teams/1601.png
1615,https://media-4.api-sports.io/football/teams/1615.png
